passenger_id	female	male	age	survived	upper_class	middle_class	lower_class	siblings_spouses	parents_children	fare	cherbourg	queenstown	southampton
1	0	1	0.23076923076923078	0	0	0	1	1	0	0.00014151057562208048	0	0	1
2	1	0	0.4065934065934066	1	1	0	0	1	0	0.13913573538264068	1	0	0
3	1	0	0.27472527472527475	1	0	0	1	0	0	0.0015468569817999832	0	0	1
4	1	0	0.37362637362637363	1	1	0	0	1	0	0.00010364429745562033	0	0	1
5	0	1	0.37362637362637363	0	0	0	1	0	0	0.00015712553569072386	0	0	1
6	0	1	0.4725274725274725	0	0	0	1	0	0	0.01650950209357577	0	1	0
7	0	1	0.5824175824175825	0	1	0	0	0	0	0.10122885832000206	0	0	1
8	0	1	0.01098901098901099	0	0	0	1	3	1	0.0041135660430832366	0	0	1
9	1	0	0.2857142857142857	1	0	0	1	0	2	0.021730754366528396	0	0	1
10	1	0	0.14285714285714285	1	0	1	0	1	0	0.05869429265402011	1	0	0
11	1	0	0.03296703296703297	1	0	0	1	1	1	3.259622914329302e-05	0	0	1
12	1	0	0.6263736263736264	1	1	0	0	0	0	0.0005182214872781017	0	0	1
13	0	1	0.2087912087912088	0	0	0	1	0	0	0.00015712553569072386	0	0	1
15	1	0	0.14285714285714285	0	0	0	1	0	0	0.015330377421392339	0	0	1
16	1	0	0.5934065934065934	1	0	1	0	0	0	3.122992013728673e-06	0	0	1
17	0	1	0.01098901098901099	0	0	0	1	4	1	0.005684821399990475	0	1	0
18	0	1	0.16483516483516483	1	0	1	0	0	0	2.5374310111545467e-06	0	0	1
19	1	0	0.32967032967032966	0	0	0	1	1	0	3.513366015444757e-06	0	0	1
20	1	0	0.3516483516483517	1	0	0	1	0	0	0.0014102260811993538	1	0	0
21	0	1	0.37362637362637363	0	0	1	0	0	0	5.074862022309093e-06	0	0	1
22	0	1	0.3626373626373626	1	0	1	0	0	0	2.5374310111545467e-06	0	0	1
23	1	0	0.15384615384615385	1	0	0	1	0	0	0.015671954672893913	0	1	0
25	1	0	0.07692307692307693	0	0	0	1	3	1	0.0041135660430832366	0	0	1
26	1	0	0.4065934065934066	1	0	0	1	1	5	0.06126431989431795	0	0	1
27	0	1	0.2967032967032967	0	0	0	1	0	0	0.0014102260811993538	1	0	0
28	0	1	0.1978021978021978	0	1	0	0	3	2	5.133418122566506e-05	0	0	1
29	1	0	0.27472527472527475	1	0	0	1	0	0	0.01537917417160685	0	1	0
30	0	1	0.3516483516483517	0	0	0	1	0	0	0.015411575213749284	0	0	1
31	0	1	0.42857142857142855	0	1	0	0	0	0	0.05410739813385612	1	0	0
32	1	0	0.08791208791208792	1	1	0	0	1	0	0.28598955515321006	1	0	0
33	1	0	0.4065934065934066	1	0	0	1	0	0	0.0001512699256649826	0	1	0
34	0	1	0.7142857142857143	0	0	1	0	0	0	2.0494635090094416e-05	0	0	1
35	0	1	0.2967032967032967	0	1	0	0	1	0	0.16038672010106003	1	0	0
36	0	1	0.45054945054945056	0	1	0	0	1	0	1.0149724044618187e-05	0	0	1
37	0	1	0.34065934065934067	1	0	0	1	0	0	0.014110458666029576	1	0	0
38	0	1	0.21978021978021978	0	0	0	1	0	0	0.00015712553569072386	0	0	1
39	1	0	0.18681318681318682	0	0	0	1	2	0	3.513366015444757e-06	0	0	1
40	1	0	0.14285714285714285	1	0	0	1	1	0	0.021942337075458514	1	0	0
41	1	0	0.42857142857142855	0	0	0	1	1	0	0.0018493968331299484	0	0	1
42	1	0	0.2857142857142857	0	0	1	0	1	0	4.098927018018883e-06	0	0	1
43	0	1	0.15384615384615385	0	0	0	1	0	0	0.015411575213749284	1	0	0
44	1	0	0.02197802197802198	1	0	1	0	1	2	0.08115719346076702	1	0	0
45	1	0	0.1978021978021978	1	0	0	1	0	0	0.01537917417160685	0	1	0
46	0	1	0.1978021978021978	0	0	0	1	0	0	0.00015712553569072386	0	0	1
47	0	1	0.1978021978021978	0	0	0	1	1	0	3.025398513299652e-05	0	1	0
48	1	0	0.18681318681318682	1	0	0	1	0	0	0.0001512699256649826	0	1	0
49	0	1	0.18681318681318682	0	0	0	1	2	0	0.04231498029001665	1	0	0
50	1	0	0.18681318681318682	0	0	0	1	1	0	3.4743286152731484e-05	0	0	1
51	0	1	0.06593406593406594	0	0	0	1	4	1	0.07746484096553544	0	0	1
52	0	1	0.21978021978021978	0	0	0	1	0	0	1.522458606692728e-05	0	0	1
53	1	0	0.5274725274725275	1	1	0	0	1	0	0.1497654242623688	1	0	0
54	1	0	0.3076923076923077	1	0	1	0	1	0	5.074862022309093e-06	0	0	1
55	0	1	0.7032967032967034	0	1	0	0	0	1	0.1209753416358076	1	0	0
56	0	1	0.46153846153846156	1	1	0	0	0	0	6.929138530460492e-05	0	0	1
57	1	0	0.21978021978021978	1	0	1	0	0	0	2.0494635090094416e-05	0	0	1
59	1	0	0.04395604395604396	1	0	1	0	1	2	0.0005416439273810667	0	0	1
60	0	1	0.10989010989010989	0	0	0	1	5	2	9.154270340242173e-05	0	0	1
61	0	1	0.23076923076923078	0	0	0	1	0	0	0.014110458666029576	1	0	0
62	1	0	0.4065934065934066	1	1	0	0	0	0	1.5614960068643363e-05	0	0	0
63	0	1	0.4835164835164835	0	1	0	0	1	0	0.01629323489662506	0	0	1
64	0	1	0.03296703296703297	0	0	0	1	3	2	5.4457173239393734e-05	0	0	1
65	0	1	0.12087912087912088	0	1	0	0	0	0	0.05410739813385612	1	0	0
66	0	1	0.21978021978021978	1	0	0	1	1	1	0.029757819776815377	1	0	0
67	1	0	0.3076923076923077	1	0	1	0	0	0	2.0494635090094416e-05	0	0	1
68	0	1	0.1978021978021978	0	0	0	1	0	0	0.015923941091001644	0	0	1
69	1	0	0.17582417582417584	1	0	0	1	4	2	0.0015468569817999832	0	0	1
70	0	1	0.27472527472527475	0	0	0	1	2	0	0.016908073949327893	0	0	1
71	0	1	0.34065934065934067	0	0	1	0	0	0	2.0494635090094416e-05	0	0	1
72	1	0	0.16483516483516483	0	0	0	1	5	2	9.154270340242173e-05	0	0	1
73	0	1	0.21978021978021978	0	0	1	0	0	0	0.00014346244563066092	0	0	1
74	0	1	0.27472527472527475	0	0	0	1	1	0	0.028212719478023115	1	0	0
75	0	1	0.34065934065934067	1	0	0	1	0	0	0.11027245763075773	0	0	1
76	0	1	0.26373626373626374	0	0	0	1	0	0	0.00014931805565640219	0	0	1
77	0	1	0.4725274725274725	0	0	0	1	0	0	0.015411575213749284	0	0	1
78	0	1	0.6923076923076923	0	0	0	1	0	0	0.00015712553569072386	0	0	1
79	0	1	0.9010989010989011	1	0	1	0	0	2	5.66042302488322e-06	0	0	1
80	1	0	0.31868131868131866	1	0	0	1	0	0	0.0024349578357040747	0	0	1
81	0	1	0.23076923076923078	0	0	0	1	0	0	1.7566830077223784e-06	0	0	1
82	0	1	0.3076923076923077	1	0	0	1	0	0	1.8542765081513994e-05	0	0	1
83	1	0	0.2967032967032967	1	0	0	1	0	0	0.015200187691820025	0	1	0
84	0	1	0.2967032967032967	0	1	0	0	0	0	9.19330774041378e-05	0	0	1
85	1	0	0.17582417582417584	1	0	1	0	0	0	2.0494635090094416e-05	0	0	1
86	1	0	0.3516483516483517	1	0	0	1	3	0	0.00030937139635999665	0	0	1
87	0	1	0.16483516483516483	0	0	0	1	1	3	0.006709553154495195	0	0	1
88	0	1	0.2087912087912088	0	0	0	1	0	0	0.00015712553569072386	0	0	1
89	1	0	0.24175824175824176	1	1	0	0	3	2	5.133418122566506e-05	0	0	1
90	0	1	0.25274725274725274	0	0	0	1	0	0	0.00015712553569072386	0	0	1
91	0	1	0.3076923076923077	0	0	0	1	0	0	0.00015712553569072386	0	0	1
92	0	1	0.2087912087912088	0	0	0	1	0	0	0.015330377421392339	0	0	1
93	0	1	0.4945054945054945	0	1	0	0	1	0	0.011940564777490724	0	0	1
94	0	1	0.27472527472527475	0	0	0	1	1	2	0.004015972542654215	0	0	1
95	0	1	0.6373626373626373	0	0	0	1	0	0	0.00014151057562208048	0	0	1
96	0	1	0.7032967032967034	0	0	0	1	0	0	0.00015712553569072386	0	0	1
97	0	1	0.7692307692307693	0	1	0	0	0	0	0.06764049365134761	1	0	0
98	0	1	0.24175824175824176	1	1	0	0	0	1	0.12366716556464086	1	0	0
99	1	0	0.3626373626373626	1	0	1	0	0	1	4.489301019734967e-06	0	0	1
100	0	1	0.3626373626373626	0	0	1	0	1	0	5.074862022309093e-06	0	0	1
101	1	0	0.2967032967032967	0	0	0	1	0	0	0.015411575213749284	0	0	1
102	0	1	0.25274725274725274	0	0	0	1	0	0	0.015411575213749284	0	0	1
103	0	1	0.21978021978021978	0	1	0	0	0	1	0.15085515328815927	0	0	1
104	0	1	0.3516483516483517	0	0	0	1	0	0	0.016891873428256675	0	0	1
105	0	1	0.3956043956043956	0	0	0	1	2	0	0.0015468569817999832	0	0	1
106	0	1	0.2967032967032967	0	0	0	1	0	0	0.015411575213749284	0	0	1
107	1	0	0.21978021978021978	1	0	0	1	0	0	0.00014931805565640219	0	0	1
108	0	1	0.31868131868131866	1	0	0	1	0	0	0.001517578931671277	0	0	1
109	0	1	0.4065934065934066	0	0	0	1	0	0	0.015411575213749284	0	0	1
110	1	0	0.45054945054945056	1	0	0	1	1	0	0.0004713766070721716	0	1	0
111	0	1	0.5054945054945055	0	1	0	0	0	0	1.0149724044618187e-05	0	0	1
113	0	1	0.23076923076923078	0	0	0	1	0	0	0.00015712553569072386	0	0	1
114	1	0	0.2087912087912088	0	0	0	1	1	0	0.0019177122834302632	0	0	1
115	1	0	0.17582417582417584	0	0	0	1	0	0	0.028220722145058295	1	0	0
116	0	1	0.21978021978021978	0	0	0	1	0	0	0.0015468569817999832	0	0	1
118	0	1	0.3076923076923077	0	0	1	0	1	0	4.098927018018883e-06	0	0	1
119	0	1	0.25274725274725274	0	1	0	0	0	1	0.4831284260198326	1	0	0
120	1	0	0.01098901098901099	0	0	0	1	4	2	0.006104473451835265	0	0	1
121	0	1	0.21978021978021978	0	0	1	0	2	0	0.00014346244563066092	0	0	1
122	0	1	0.4065934065934066	0	0	0	1	0	0	0.00015712553569072386	0	0	1
125	0	1	0.5824175824175825	0	1	0	0	0	1	0.15085515328815927	0	0	1
126	0	1	0.12087912087912088	1	0	0	1	1	0	0.021942337075458514	1	0	0
127	0	1	0.18681318681318682	0	0	0	1	0	0	0.0001512699256649826	0	1	0
128	0	1	0.25274725274725274	1	0	0	1	0	0	0.01393967004027879	0	0	1
129	1	0	0.3626373626373626	1	0	0	1	1	1	0.04364049521284362	1	0	0
130	0	1	0.4835164835164835	0	0	0	1	0	0	0.0013614293309848434	0	0	1
131	0	1	0.3516483516483517	0	0	0	1	0	0	0.015411575213749284	1	0	0
132	0	1	0.2087912087912088	0	0	0	1	0	0	0.00013760683560491965	0	0	1
133	1	0	0.5054945054945055	0	0	0	1	1	0	2.8302115124416098e-05	0	0	1
134	1	0	0.3076923076923077	1	0	1	0	1	0	5.074862022309093e-06	0	0	1
135	0	1	0.26373626373626374	0	0	1	0	0	0	2.5374310111545467e-06	0	0	1
136	0	1	0.24175824175824176	0	0	1	0	0	0	0.029367445775099293	1	0	0
137	1	0	0.1978021978021978	1	1	0	0	0	2	0.051301584996521765	0	0	1
138	0	1	0.3956043956043956	0	1	0	0	1	0	0.00010364429745562033	0	0	1
139	0	1	0.16483516483516483	0	0	0	1	0	0	0.017989800308083163	0	0	1
140	0	1	0.25274725274725274	0	1	0	0	0	0	0.0001545881046795693	1	0	0
141	1	0	0.24175824175824176	0	0	0	1	0	2	0.029757819776815377	1	0	0
142	1	0	0.23076923076923078	1	0	0	1	0	0	0.0001512699256649826	0	0	1
143	1	0	0.25274725274725274	1	0	0	1	1	0	0.00030937139635999665	0	0	1
144	0	1	0.1978021978021978	0	0	0	1	0	0	0.00013175122557917838	0	1	0
145	0	1	0.18681318681318682	0	0	1	0	0	0	2.2446505098674835e-05	0	0	1
146	0	1	0.1978021978021978	0	0	1	0	1	1	0.0007173122281533045	0	0	1
147	0	1	0.2857142857142857	1	0	0	1	0	0	0.015216388212891242	0	0	1
148	1	0	0.08791208791208792	0	0	0	1	2	2	0.006709553154495195	0	0	1
150	0	1	0.45054945054945056	0	0	1	0	0	0	2.5374310111545467e-06	0	0	1
151	0	1	0.5494505494505495	0	0	1	0	0	0	0.0024447171857469767	0	0	1
152	1	0	0.23076923076923078	1	1	0	0	1	0	0.000129994542571456	0	0	1
155	0	1	0.38461538461538464	0	0	0	1	0	0	0.014273049437744325	0	0	1
156	0	1	0.5494505494505495	0	1	0	0	0	1	0.11980421963065935	1	0	0
157	1	0	0.16483516483516483	1	0	0	1	0	0	0.015094396337354966	0	1	0
158	0	1	0.31868131868131866	0	0	0	1	0	0	0.00015712553569072386	0	0	1
159	0	1	0.37362637362637363	0	0	0	1	0	0	0.016908073949327893	0	0	1
160	0	1	0.4175824175824176	0	0	0	1	8	2	0.0013575255909676824	0	0	1
161	0	1	0.4725274725274725	0	0	0	1	0	1	3.142510713814477e-05	0	0	1
162	1	0	0.42857142857142855	1	0	1	0	0	0	0.00030741952635141625	0	0	1
163	0	1	0.27472527472527475	0	0	0	1	0	0	0.001517578931671277	0	0	1
164	0	1	0.17582417582417584	0	0	0	1	0	0	0.016908073949327893	0	0	1
165	0	1	0.0	0	0	0	1	4	1	0.07746484096553544	0	0	1
166	0	1	0.08791208791208792	1	0	0	1	0	2	0.004006213192611313	0	0	1
167	1	0	0.2857142857142857	1	1	0	0	0	1	1.0735285047192313e-05	0	0	1
168	1	0	0.4835164835164835	0	0	0	1	1	4	5.4457173239393734e-05	0	0	1
169	0	1	0.38461538461538464	0	1	0	0	0	0	0.00506022299724474	0	0	1
170	0	1	0.2967032967032967	0	0	0	1	0	0	0.11027245763075773	0	0	1
171	0	1	0.6593406593406593	0	1	0	0	0	0	6.538764528744409e-05	0	0	1
172	0	1	0.03296703296703297	0	0	0	1	4	1	0.005684821399990475	0	1	0
173	1	0	0.0	1	0	0	1	1	1	0.021730754366528396	0	0	1
174	0	1	0.21978021978021978	0	0	0	1	0	0	0.0015468569817999832	0	0	1
175	0	1	0.6043956043956044	0	1	0	0	0	0	0.05991421140938288	1	0	0
176	0	1	0.18681318681318682	0	0	0	1	1	1	0.015330377421392339	0	0	1
177	0	1	0.3626373626373626	0	0	0	1	3	1	0.049707687947515	0	0	1
178	1	0	0.5384615384615384	0	1	0	0	0	0	0.05604306762136532	1	0	0
179	0	1	0.31868131868131866	0	0	1	0	0	0	2.5374310111545467e-06	0	0	1
180	0	1	0.38461538461538464	0	0	0	1	0	0	0.0	0	0	1
181	1	0	0.2857142857142857	0	0	0	1	8	2	0.0013575255909676824	0	0	1
182	0	1	0.18681318681318682	0	0	1	0	0	0	0.0002937564362913533	1	0	0
183	0	1	0.08791208791208792	0	0	0	1	4	2	0.06126431989431795	0	0	1
184	0	1	0.0	1	0	1	0	2	1	7.61229303346364e-06	0	0	1
185	1	0	0.03296703296703297	1	0	0	1	0	2	0.004298993693898376	0	0	1
186	0	1	0.18681318681318682	0	1	0	0	0	0	9.759350042902104e-06	0	0	1
187	1	0	0.32967032967032966	1	0	0	1	1	0	3.025398513299652e-05	0	1	0
188	0	1	0.4835164835164835	1	1	0	0	0	0	0.0005182214872781017	0	0	1
189	0	1	0.42857142857142855	0	0	0	1	1	1	3.025398513299652e-05	0	1	0
190	0	1	0.38461538461538464	0	0	0	1	0	0	0.015411575213749284	0	0	1
191	1	0	0.34065934065934067	1	0	1	0	0	0	2.5374310111545467e-06	0	0	1
192	0	1	0.1978021978021978	0	0	1	0	0	0	2.5374310111545467e-06	0	0	1
193	1	0	0.1978021978021978	1	0	0	1	1	0	0.015330377421392339	0	0	1
194	0	1	0.02197802197802198	1	0	1	0	1	1	5.074862022309093e-06	0	0	1
195	1	0	0.4725274725274725	1	1	0	0	0	0	0.05410739813385612	1	0	0
196	1	0	0.6263736263736264	1	1	0	0	0	0	0.28598955515321006	1	0	0
197	0	1	0.5384615384615384	0	0	0	1	0	0	0.0001512699256649826	0	1	0
198	0	1	0.45054945054945056	0	0	0	1	0	1	0.01640390592611157	0	0	1
199	1	0	0.3516483516483517	1	0	0	1	0	0	0.0001512699256649826	0	1	0
200	1	0	0.25274725274725274	0	0	1	0	0	0	2.5374310111545467e-06	0	0	1
201	0	1	0.2967032967032967	0	0	0	1	0	0	1.8542765081513994e-05	0	0	1
202	0	1	0.32967032967032966	0	0	0	1	8	2	0.0013575255909676824	0	0	1
203	0	1	0.3626373626373626	0	0	0	1	0	0	0.012678957201736696	0	0	1
205	0	1	0.18681318681318682	1	0	0	1	0	0	0.00015712553569072386	0	0	1
206	1	0	0.01098901098901099	0	0	0	1	0	1	0.02042143996477265	0	0	1
207	0	1	0.34065934065934067	0	0	0	1	1	0	0.00030937139635999665	0	0	1
208	0	1	0.27472527472527475	1	0	0	1	0	0	0.03667075778620465	1	0	0
209	1	0	0.16483516483516483	1	0	0	1	0	0	0.0001512699256649826	0	1	0
210	0	1	0.42857142857142855	1	1	0	0	0	0	6.0507970265993035e-06	1	0	0
211	0	1	0.25274725274725274	0	0	0	1	0	0	0.00013760683560491965	0	0	1
212	1	0	0.37362637362637363	1	0	1	0	0	0	4.098927018018883e-06	0	0	1
213	0	1	0.23076923076923078	0	0	0	1	0	0	0.00014151057562208048	0	0	1
214	0	1	0.31868131868131866	0	0	1	0	0	0	2.5374310111545467e-06	0	0	1
215	0	1	0.31868131868131866	0	0	0	1	1	0	0.0001512699256649826	0	1	0
216	1	0	0.32967032967032966	1	1	0	0	1	0	0.022109807522194713	1	0	0
217	1	0	0.2857142857142857	1	0	0	1	0	0	0.0015468569817999832	0	0	1
218	0	1	0.45054945054945056	0	0	1	0	1	0	5.270049023167136e-06	0	0	1
219	1	0	0.34065934065934067	1	1	0	0	0	0	0.14891148113361488	1	0	0
220	0	1	0.31868131868131866	0	0	1	0	0	0	2.0494635090094416e-05	0	0	1
221	0	1	0.16483516483516483	1	0	0	1	0	0	0.00015712553569072386	0	0	1
222	0	1	0.2857142857142857	0	0	1	0	0	0	2.5374310111545467e-06	0	0	1
223	0	1	0.5494505494505495	0	0	0	1	0	0	0.00015712553569072386	0	0	1
225	0	1	0.4065934065934066	1	1	0	0	1	0	1.7566830077223785e-05	0	0	1
226	0	1	0.23076923076923078	0	0	0	1	0	0	0.00018249984580226932	0	0	1
227	0	1	0.1978021978021978	1	0	1	0	0	0	2.0494635090094416e-05	0	0	1
229	0	1	0.18681318681318682	0	0	1	0	0	0	2.5374310111545467e-06	0	0	1
230	1	0	0.27472527472527475	0	0	0	1	3	1	0.049707687947515	0	0	1
231	1	0	0.37362637362637363	1	1	0	0	1	0	0.01629323489662506	0	0	1
232	0	1	0.3076923076923077	0	0	0	1	0	0	0.001517578931671277	0	0	1
233	0	1	0.6373626373626373	0	0	1	0	0	0	2.6350245115835676e-05	0	0	1
234	1	0	0.04395604395604396	1	0	0	1	4	2	0.06126431989431795	0	0	1
235	0	1	0.25274725274725274	0	0	1	0	0	0	2.0494635090094416e-05	0	0	1
236	1	0	0.3626373626373626	0	0	0	1	0	0	0.00014736618564782175	0	0	1
237	0	1	0.4725274725274725	0	0	1	0	1	0	5.074862022309093e-06	0	0	1
238	1	0	0.07692307692307693	1	0	1	0	0	2	0.0005123658772523604	0	0	1
239	0	1	0.1978021978021978	0	0	1	0	0	0	2.0494635090094416e-05	0	0	1
240	0	1	0.3516483516483517	0	0	1	0	0	0	0.002395920435532466	0	0	1
241	1	0	0.34065934065934067	0	0	0	1	1	0	0.028212719478023115	1	0	0
242	1	0	0.31868131868131866	1	0	0	1	1	0	3.025398513299652e-05	0	1	0
243	0	1	0.3076923076923077	0	0	1	0	0	0	2.0494635090094416e-05	0	0	1
244	0	1	0.23076923076923078	0	0	0	1	0	0	0.0013907073811135497	0	0	1
245	0	1	0.31868131868131866	0	0	0	1	0	0	0.0014102260811993538	1	0	0
246	0	1	0.4725274725274725	0	1	0	0	2	0	1.7566830077223785e-05	0	1	0
247	1	0	0.26373626373626374	0	0	0	1	0	0	0.001517578931671277	0	0	1
248	1	0	0.25274725274725274	1	0	1	0	0	2	2.8302115124416098e-05	0	0	1
249	0	1	0.3956043956043956	1	1	0	0	1	1	0.10257896680493714	0	0	1
250	0	1	0.5824175824175825	0	0	1	0	1	0	5.074862022309093e-06	0	0	1
251	0	1	0.45054945054945056	0	0	0	1	0	0	0.00014151057562208048	0	0	1
252	1	0	0.3076923076923077	0	0	0	1	1	1	0.02042143996477265	0	0	1
253	0	1	0.6703296703296703	0	1	0	0	0	0	0.0005182214872781017	0	0	1
254	0	1	0.31868131868131866	0	0	0	1	1	0	3.142510713814477e-05	0	0	1
255	1	0	0.43956043956043955	0	0	0	1	0	2	0.03945217254843175	0	0	1
256	1	0	0.3076923076923077	1	0	0	1	0	2	0.029757819776815377	1	0	0
257	1	0	0.31868131868131866	1	1	0	0	0	0	0.0001545881046795693	1	0	0
258	1	0	0.31868131868131866	1	1	0	0	0	0	0.00016883675574220637	0	0	1
259	1	0	0.37362637362637363	1	1	0	0	0	0	1.0	1	0	0
260	1	0	0.5384615384615384	1	0	1	0	0	1	5.074862022309093e-06	0	0	1
261	0	1	0.27472527472527475	0	0	0	1	0	0	0.0001512699256649826	0	1	0
262	0	1	0.02197802197802198	1	0	0	1	4	2	0.06126431989431795	0	0	1
263	0	1	0.5604395604395604	0	1	0	0	1	1	0.001554664461834305	0	0	1
264	0	1	0.42857142857142855	0	1	0	0	0	0	0.0	0	0	1
265	1	0	0.4065934065934066	0	0	0	1	0	0	0.0001512699256649826	0	1	0
266	0	1	0.38461538461538464	0	0	1	0	0	0	2.0494635090094416e-05	0	0	1
267	0	1	0.16483516483516483	0	0	0	1	4	1	0.07746484096553544	0	0	1
268	0	1	0.26373626373626374	1	0	0	1	1	0	0.001517578931671277	0	0	1
269	1	0	0.6263736263736264	1	1	0	0	0	1	0.2995388511917728	0	0	1
270	1	0	0.37362637362637363	1	1	0	0	0	0	0.26473857043479077	0	0	1
271	0	1	0.31868131868131866	0	1	0	0	0	0	6.0507970265993035e-06	0	0	1
272	0	1	0.26373626373626374	1	0	0	1	0	0	0.0	0	0	1
273	1	0	0.43956043956043955	1	0	1	0	0	1	3.80614651673182e-05	0	0	1
274	0	1	0.3956043956043956	0	1	0	0	0	1	5.797053925483849e-05	1	0	0
275	1	0	0.5384615384615384	1	0	0	1	0	0	0.0001512699256649826	0	1	0
276	1	0	0.6813186813186813	1	1	0	0	1	0	0.152164467689915	0	0	1
277	1	0	0.4835164835164835	0	0	0	1	0	0	0.0001512699256649826	0	0	1
278	0	1	0.27472527472527475	0	0	1	0	0	0	0.0	0	0	1
279	0	1	0.06593406593406594	0	0	0	1	4	1	0.005684821399990475	0	1	0
280	1	0	0.37362637362637363	1	0	0	1	1	1	0.0003952536767375352	0	0	1
281	0	1	0.7032967032967034	0	0	0	1	0	0	0.0001512699256649826	0	1	0
282	0	1	0.2967032967032967	0	0	0	1	0	0	0.015330377421392339	0	0	1
283	0	1	0.16483516483516483	0	0	0	1	0	0	1.8542765081513994e-05	0	0	1
284	0	1	0.1978021978021978	1	0	0	1	0	0	0.00015712553569072386	0	0	1
285	0	1	0.27472527472527475	0	1	0	0	0	0	5.074862022309093e-06	0	0	1
286	0	1	0.3516483516483517	0	0	0	1	0	0	0.016908073949327893	1	0	0
287	0	1	0.31868131868131866	1	0	0	1	0	0	1.8542765081513994e-05	0	0	1
288	0	1	0.23076923076923078	0	0	0	1	0	0	0.015411575213749284	0	0	1
289	0	1	0.45054945054945056	1	0	1	0	0	0	2.5374310111545467e-06	0	0	1
290	1	0	0.23076923076923078	1	0	0	1	0	0	0.0001512699256649826	0	1	0
291	1	0	0.27472527472527475	1	1	0	0	0	0	0.0015390495017656616	0	0	1
292	1	0	0.1978021978021978	1	1	0	0	1	0	0.17777475888549785	1	0	0
293	0	1	0.38461538461538464	0	0	1	0	0	0	0.0025130326360472913	1	0	0
294	1	0	0.25274725274725274	0	0	0	1	0	0	0.0001727404957593672	0	0	1
295	0	1	0.25274725274725274	0	0	0	1	0	0	0.015411575213749284	0	0	1
296	0	1	0.13186813186813187	0	1	0	0	0	0	0.05410739813385612	1	0	0
298	1	0	0.01098901098901099	0	1	0	0	1	2	0.002958058998003627	0	0	1
299	0	1	0.27472527472527475	1	1	0	0	0	0	5.9532035261702824e-05	0	0	1
300	1	0	0.5384615384615384	1	1	0	0	0	1	0.4831284260198326	1	0	0
301	1	0	0.42857142857142855	1	0	0	1	0	0	0.0001512699256649826	0	1	0
302	0	1	0.3076923076923077	1	0	0	1	2	0	0.00045380977699494777	0	1	0
303	0	1	0.1978021978021978	0	0	0	1	0	0	0.0	0	0	1
304	1	0	0.46153846153846156	1	0	1	0	0	0	0.00024105594605968193	0	1	0
305	0	1	0.7362637362637363	0	0	0	1	0	0	0.00015712553569072386	0	0	1
306	0	1	1.0	1	1	0	0	1	2	0.002958058998003627	0	0	1
307	1	0	0.5824175824175825	1	1	0	0	0	0	0.21642978772242535	1	0	0
308	1	0	0.17582417582417584	1	1	0	0	1	0	0.0002125586439344078	1	0	0
309	0	1	0.31868131868131866	0	0	1	0	1	0	4.684488020593009e-06	1	0	0
310	1	0	0.31868131868131866	1	1	0	0	0	0	0.11111839809247648	1	0	0
311	1	0	0.25274725274725274	1	1	0	0	0	0	0.16231419173453318	1	0	0
312	1	0	0.18681318681318682	1	1	0	0	2	2	0.051212189350128785	1	0	0
313	1	0	0.27472527472527475	0	0	1	0	1	1	5.074862022309093e-06	0	0	1
314	0	1	0.2967032967032967	0	0	0	1	0	0	0.015411575213749284	0	0	1
315	0	1	0.46153846153846156	0	0	1	0	1	1	0.0005123658772523604	0	0	1
316	1	0	0.27472527472527475	1	0	0	1	0	0	0.015330377421392339	0	0	1
317	1	0	0.25274725274725274	1	0	1	0	1	0	5.074862022309093e-06	0	0	1
318	0	1	0.5824175824175825	0	0	1	0	0	0	2.7326180120125886e-06	0	0	1
319	1	0	0.32967032967032966	1	1	0	0	0	2	0.32179836714362564	0	0	1
320	1	0	0.42857142857142855	1	1	0	0	1	1	0.00026252651615406655	1	0	0
321	0	1	0.23076923076923078	0	0	0	1	0	0	0.00014151057562208048	0	0	1
322	0	1	0.2857142857142857	0	0	0	1	0	0	0.015411575213749284	0	0	1
323	1	0	0.31868131868131866	1	0	1	0	0	0	0.00024105594605968193	0	1	0
324	1	0	0.23076923076923078	1	0	1	0	1	1	5.66042302488322e-06	0	0	1
325	0	1	0.3076923076923077	0	0	0	1	8	2	0.0013575255909676824	0	0	1
326	1	0	0.38461538461538464	1	1	0	0	0	0	0.26473857043479077	1	0	0
327	0	1	0.6593406593406593	0	0	0	1	0	0	0.012174789178520374	0	0	1
328	1	0	0.38461538461538464	1	0	1	0	0	0	2.5374310111545467e-06	0	0	1
329	1	0	0.32967032967032966	1	0	0	1	1	1	0.004006213192611313	0	0	1
330	1	0	0.16483516483516483	1	1	0	0	0	1	0.11316786160148593	1	0	0
331	1	0	0.2857142857142857	1	0	0	1	2	0	0.00045380977699494777	0	1	0
333	0	1	0.4065934065934066	0	1	0	0	0	1	0.2995388511917728	0	0	1
334	0	1	0.16483516483516483	0	0	0	1	2	0	3.513366015444757e-06	0	0	1
335	1	0	0.2087912087912088	1	1	0	0	1	0	0.002608674266467732	0	0	1
336	0	1	0.26373626373626374	0	0	0	1	0	0	0.015411575213749284	0	0	1
337	0	1	0.3076923076923077	0	1	0	0	1	0	0.000129994542571456	0	0	1
338	1	0	0.43956043956043955	1	1	0	0	0	0	0.00026252651615406655	1	0	0
339	0	1	0.4835164835164835	1	0	0	1	0	0	0.00015712553569072386	0	0	1
340	0	1	0.4835164835164835	0	1	0	0	0	0	6.929138530460492e-05	0	0	1
341	0	1	0.01098901098901099	1	0	1	0	1	1	5.074862022309093e-06	0	0	1
342	1	0	0.25274725274725274	1	1	0	0	3	2	5.133418122566506e-05	0	0	1
343	0	1	0.2967032967032967	0	0	1	0	0	0	2.5374310111545467e-06	0	0	1
344	0	1	0.26373626373626374	0	0	1	0	0	0	2.5374310111545467e-06	0	0	1
345	0	1	0.38461538461538464	0	0	1	0	0	0	2.5374310111545467e-06	0	0	1
346	1	0	0.25274725274725274	1	0	1	0	0	0	2.5374310111545467e-06	0	0	1
347	1	0	0.42857142857142855	1	0	1	0	0	0	2.5374310111545467e-06	0	0	1
348	1	0	0.23076923076923078	1	0	0	1	1	0	3.142510713814477e-05	0	0	1
349	0	1	0.02197802197802198	1	0	0	1	1	1	3.103473313642869e-05	0	0	1
350	0	1	0.45054945054945056	0	0	0	1	0	0	0.016908073949327893	0	0	1
351	0	1	0.24175824175824176	0	0	0	1	0	0	0.001800600082915438	0	0	1
352	0	1	0.1978021978021978	0	1	0	0	0	0	6.831545030031472e-06	0	0	1
353	0	1	0.15384615384615385	0	0	0	1	1	1	0.014110458666029576	1	0	0
354	0	1	0.26373626373626374	0	0	0	1	1	0	3.4743286152731484e-05	0	0	1
355	0	1	0.27472527472527475	0	0	0	1	0	0	0.0014102260811993538	1	0	0
356	0	1	0.2967032967032967	0	0	0	1	0	0	1.8542765081513994e-05	0	0	1
357	1	0	0.23076923076923078	1	1	0	0	0	1	1.0735285047192313e-05	0	0	1
358	1	0	0.4065934065934066	0	0	1	0	0	0	2.5374310111545467e-06	0	0	1
359	1	0	0.4175824175824176	1	0	0	1	0	0	0.01537917417160685	0	1	0
360	1	0	0.4175824175824176	1	0	0	1	0	0	0.01537917417160685	0	1	0
361	0	1	0.42857142857142855	0	0	0	1	1	4	5.4457173239393734e-05	0	0	1
362	0	1	0.3076923076923077	0	0	1	0	1	0	0.05410739813385612	1	0	0
363	1	0	0.4835164835164835	0	0	0	1	0	1	0.028212719478023115	1	0	0
364	0	1	0.37362637362637363	0	0	0	1	0	0	0.00013760683560491965	0	0	1
365	0	1	0.34065934065934067	0	0	0	1	1	0	3.025398513299652e-05	0	1	0
366	0	1	0.31868131868131866	0	0	0	1	0	0	0.00014151057562208048	0	0	1
367	1	0	0.6483516483516484	1	1	0	0	1	0	0.0014687821814567666	1	0	0
368	1	0	0.5164835164835165	1	0	0	1	0	0	0.014110458666029576	1	0	0
369	1	0	0.38461538461538464	1	0	0	1	0	0	0.0001512699256649826	0	1	0
370	1	0	0.25274725274725274	1	1	0	0	0	0	0.00013526459159462315	1	0	0
371	0	1	0.26373626373626374	1	1	0	0	1	0	0.1082149914547131	1	0	0
372	0	1	0.18681318681318682	0	0	0	1	1	0	0.012678957201736696	0	0	1
373	0	1	0.1978021978021978	0	0	0	1	0	0	0.00015712553569072386	0	0	1
374	0	1	0.23076923076923078	0	1	0	0	0	0	0.26473857043479077	1	0	0
375	1	0	0.02197802197802198	0	0	0	1	3	1	0.0041135660430832366	0	0	1
376	1	0	0.12087912087912088	1	1	0	0	1	0	0.16038672010106003	1	0	0
377	1	0	0.23076923076923078	1	0	0	1	0	0	0.00014151057562208048	0	0	1
378	0	1	0.2857142857142857	0	1	0	0	0	2	0.00041282050681475894	1	0	0
379	0	1	0.2087912087912088	0	0	0	1	0	0	0.007831878409428937	1	0	0
380	0	1	0.1978021978021978	0	0	0	1	0	0	0.001517578931671277	0	0	1
381	1	0	0.45054945054945056	1	1	0	0	0	0	0.04440992237022602	1	0	0
382	1	0	0.0	1	0	0	1	0	2	0.030725752114070408	1	0	0
383	0	1	0.34065934065934067	0	0	0	1	0	0	0.0015468569817999832	0	0	1
384	1	0	0.37362637362637363	1	1	0	0	1	0	1.0149724044618187e-05	0	0	1
385	0	1	0.27472527472527475	0	0	0	1	0	0	0.015411575213749284	0	0	1
386	0	1	0.18681318681318682	0	0	1	0	0	0	0.00014346244563066092	0	0	1
387	0	1	0.0	0	0	0	1	5	2	9.154270340242173e-05	0	0	1
388	1	0	0.38461538461538464	1	0	1	0	0	0	2.5374310111545467e-06	0	0	1
389	0	1	0.27472527472527475	0	0	0	1	0	0	0.015086393670319786	0	1	0
390	1	0	0.17582417582417584	1	0	1	0	0	0	2.3422440102965047e-06	1	0	0
391	0	1	0.38461538461538464	1	1	0	0	1	2	2.3422440102965048e-05	0	0	1
392	0	1	0.21978021978021978	1	0	0	1	0	0	0.015216388212891242	0	0	1
393	0	1	0.2967032967032967	0	0	0	1	2	0	0.0015468569817999832	0	0	1
394	1	0	0.24175824175824176	1	1	0	0	1	0	0.022109807522194713	1	0	0
395	1	0	0.25274725274725274	1	0	0	1	0	2	3.259622914329302e-05	0	0	1
396	0	1	0.23076923076923078	0	0	0	1	0	0	0.015216388212891242	0	0	1
397	1	0	0.32967032967032966	0	0	0	1	0	0	0.015330377421392339	0	0	1
398	0	1	0.4945054945054945	0	0	1	0	0	0	5.074862022309093e-06	0	0	1
399	0	1	0.24175824175824176	0	0	1	0	0	0	2.0494635090094416e-05	0	0	1
400	1	0	0.2967032967032967	1	0	1	0	0	0	0.0002469115560854232	0	0	1
401	0	1	0.4175824175824176	1	0	0	1	0	0	0.0015468569817999832	0	0	1
402	0	1	0.27472527472527475	0	0	0	1	0	0	0.00015712553569072386	0	0	1
403	1	0	0.21978021978021978	0	0	0	1	1	0	0.0019177122834302632	0	0	1
404	0	1	0.2967032967032967	0	0	0	1	1	0	0.00030937139635999665	0	0	1
405	1	0	0.2087912087912088	0	0	0	1	0	0	0.016908073949327893	0	0	1
406	0	1	0.3626373626373626	0	0	1	0	1	0	4.098927018018883e-06	0	0	1
407	0	1	0.5494505494505495	0	0	0	1	0	0	0.0001512699256649826	0	0	1
408	0	1	0.02197802197802198	1	0	1	0	1	1	0.00036597562660882884	0	0	1
409	0	1	0.21978021978021978	0	0	0	1	0	0	0.001517578931671277	0	0	1
410	1	0	0.25274725274725274	0	0	0	1	3	1	0.049707687947515	0	0	1
411	0	1	0.2857142857142857	0	0	0	1	0	0	0.015411575213749284	0	0	1
412	0	1	0.31868131868131866	0	0	0	1	0	0	0.013386510079847098	0	1	0
413	1	0	0.3516483516483517	1	1	0	0	1	0	1.7566830077223785e-05	0	1	0
414	0	1	0.4065934065934066	0	0	1	0	0	0	0.0	0	0	1
415	0	1	0.4725274725274725	1	0	0	1	0	0	0.0015468569817999832	0	0	1
416	1	0	0.4175824175824176	0	0	0	1	0	0	0.00015712553569072386	0	0	1
417	1	0	0.3626373626373626	1	0	1	0	1	1	6.343577527886367e-05	0	0	1
418	1	0	0.18681318681318682	1	0	1	0	0	2	2.5374310111545467e-06	0	0	1
419	0	1	0.31868131868131866	0	0	1	0	0	0	2.5374310111545467e-06	0	0	1
420	1	0	0.0989010989010989	0	0	0	1	0	2	0.0004713766070721716	0	0	1
421	0	1	0.16483516483516483	0	0	0	1	0	0	0.015411575213749284	1	0	0
422	0	1	0.21978021978021978	0	0	0	1	0	0	0.015094396337354966	0	1	0
423	0	1	0.3076923076923077	0	0	0	1	0	0	0.0015370976317570812	0	0	1
424	1	0	0.2967032967032967	0	0	0	1	1	1	2.8106928123558055e-05	0	0	1
425	0	1	0.18681318681318682	0	0	0	1	1	1	0.03945217254843175	0	0	1
426	0	1	0.24175824175824176	0	0	0	1	0	0	0.00014151057562208048	0	0	1
427	1	0	0.2967032967032967	1	0	1	0	1	0	5.074862022309093e-06	0	0	1
428	1	0	0.1978021978021978	1	0	1	0	0	0	5.074862022309093e-06	0	0	1
429	0	1	0.27472527472527475	0	0	0	1	0	0	0.0001512699256649826	0	1	0
430	0	1	0.34065934065934067	1	0	0	1	0	0	0.00015712553569072386	0	0	1
431	0	1	0.2967032967032967	1	1	0	0	0	0	0.0005182214872781017	0	0	1
432	1	0	0.37362637362637363	1	0	0	1	1	0	3.142510713814477e-05	0	0	1
433	1	0	0.45054945054945056	1	0	1	0	1	0	5.074862022309093e-06	0	0	1
434	0	1	0.17582417582417584	0	0	0	1	0	0	0.0013907073811135497	0	0	1
435	0	1	0.5384615384615384	0	1	0	0	1	0	0.00010910953347964551	0	0	1
436	1	0	0.14285714285714285	1	1	0	0	1	2	2.3422440102965048e-05	0	0	1
437	1	0	0.21978021978021978	0	0	0	1	2	2	0.006709553154495195	0	0	1
438	1	0	0.25274725274725274	1	0	1	0	2	3	0.00036597562660882884	0	0	1
439	0	1	0.6923076923076923	0	1	0	0	1	4	5.133418122566506e-05	0	0	1
440	0	1	0.32967032967032966	0	0	1	0	0	0	2.0494635090094416e-05	0	0	1
441	1	0	0.4835164835164835	1	0	1	0	1	1	0.0005123658772523604	0	0	1
442	0	1	0.2087912087912088	0	0	0	1	0	0	1.8542765081513994e-05	0	0	1
443	0	1	0.26373626373626374	0	0	0	1	1	0	0.001517578931671277	0	0	1
444	1	0	0.2967032967032967	1	0	1	0	0	0	2.5374310111545467e-06	0	0	1
445	0	1	0.16483516483516483	1	0	0	1	0	0	0.01583454544460866	0	0	1
446	0	1	0.03296703296703297	1	1	0	0	0	2	0.15977676072337865	0	0	1
447	1	0	0.13186813186813187	1	0	1	0	0	1	3.80614651673182e-05	0	0	1
448	0	1	0.3626373626373626	1	1	0	0	0	0	0.0005182214872781017	0	0	1
449	1	0	0.04395604395604396	1	0	0	1	2	1	0.037589698186244316	1	0	0
450	0	1	0.5604395604395604	1	1	0	0	0	0	5.9532035261702824e-05	0	0	1
451	0	1	0.38461538461538464	0	0	1	0	1	2	0.0005416439273810667	0	0	1
452	0	1	0.3516483516483517	0	0	0	1	1	0	0.03897240290032268	0	0	1
453	0	1	0.31868131868131866	0	1	0	0	0	0	0.0005416439273810667	1	0	0
454	0	1	0.5274725274725275	1	1	0	0	1	0	0.17391981561855152	1	0	0
455	0	1	0.4175824175824176	0	0	0	1	0	0	0.00015712553569072386	0	0	1
456	0	1	0.3076923076923077	1	0	0	1	0	0	0.015411575213749284	1	0	0
457	0	1	0.7032967032967034	0	1	0	0	0	0	0.0005182214872781017	0	0	1
458	1	0	0.6263736263736264	1	1	0	0	1	0	0.10122885832000206	0	0	1
459	1	0	0.5384615384615384	1	0	1	0	0	0	2.0494635090094416e-05	0	0	1
460	0	1	0.5274725274725275	0	0	0	1	0	0	0.0001512699256649826	0	1	0
461	0	1	0.5164835164835165	1	1	0	0	0	0	0.0005182214872781017	0	0	1
462	0	1	0.3626373626373626	0	0	0	1	0	0	0.00015712553569072386	0	0	1
463	0	1	0.5054945054945055	0	1	0	0	0	0	7.51469953303462e-05	0	0	1
464	0	1	0.5164835164835165	0	0	1	0	0	0	2.5374310111545467e-06	0	0	1
465	0	1	0.46153846153846156	0	0	0	1	0	0	0.00015712553569072386	0	0	1
466	0	1	0.4065934065934066	0	0	0	1	0	0	0.00013760683560491965	0	0	1
467	0	1	0.5054945054945055	0	0	1	0	0	0	0.0	0	0	1
468	0	1	0.6043956043956044	0	1	0	0	0	0	0.0005182214872781017	0	0	1
469	0	1	0.7142857142857143	0	0	0	1	0	0	0.0015078195816283749	0	1	0
470	1	0	0.8131868131868132	1	0	0	1	2	1	0.037589698186244316	1	0	0
471	0	1	0.6043956043956044	0	0	0	1	0	0	0.00014151057562208048	0	0	1
472	0	1	0.4065934065934066	0	0	0	1	0	0	0.016908073949327893	0	0	1
473	1	0	0.3516483516483517	1	0	1	0	1	2	0.0005416439273810667	0	0	1
474	1	0	0.24175824175824176	1	0	1	0	0	0	0.026919605597338588	1	0	0
475	1	0	0.23076923076923078	0	0	0	1	0	0	0.019201521209409888	0	0	1
476	0	1	0.2967032967032967	0	1	0	0	0	0	1.0149724044618187e-05	0	0	1
477	0	1	0.3626373626373626	0	0	1	0	1	0	4.098927018018883e-06	0	0	1
478	0	1	0.3076923076923077	0	0	0	1	1	0	0.013752485706455927	0	0	1
479	0	1	0.23076923076923078	0	0	0	1	0	0	0.014679623960531627	0	0	1
480	1	0	0.01098901098901099	1	0	0	1	0	1	0.023983602730431916	0	0	1
481	0	1	0.08791208791208792	0	0	0	1	5	2	9.154270340242173e-05	0	0	1
482	0	1	0.31868131868131866	0	0	1	0	0	0	0.0	0	0	1
483	0	1	0.5384615384615384	0	0	0	1	0	0	0.00015712553569072386	0	0	1
484	1	0	0.6813186813186813	1	0	0	1	0	0	0.018713553707264782	0	0	1
485	0	1	0.26373626373626374	1	1	0	0	1	0	0.17777475888549785	1	0	0
486	1	0	0.31868131868131866	0	0	0	1	3	1	0.049707687947515	0	0	1
487	1	0	0.37362637362637363	1	1	0	0	1	0	1.7566830077223785e-05	0	0	1
488	0	1	0.6263736263736264	0	1	0	0	0	0	5.797053925483849e-05	1	0	0
489	0	1	0.31868131868131866	0	0	0	1	0	0	0.00015712553569072386	0	0	1
490	0	1	0.08791208791208792	1	0	0	1	1	1	3.103473313642869e-05	0	0	1
491	0	1	0.15384615384615385	0	0	0	1	1	0	0.03897240290032268	0	0	1
492	0	1	0.21978021978021978	0	0	0	1	0	0	0.00014151057562208048	0	0	1
493	0	1	0.5934065934065934	0	1	0	0	0	0	5.9532035261702824e-05	0	0	1
494	0	1	0.7692307692307693	0	1	0	0	0	0	0.09662576327876686	1	0	0
495	0	1	0.21978021978021978	0	0	0	1	0	0	0.00015712553569072386	0	0	1
496	0	1	0.4065934065934066	0	0	0	1	0	0	0.028220722145058295	1	0	0
497	1	0	0.5824175824175825	1	1	0	0	1	0	0.1527664244005612	1	0	0
498	0	1	0.42857142857142855	0	0	0	1	0	0	2.947323712956435e-05	0	0	1
499	1	0	0.26373626373626374	0	1	0	0	1	2	0.002958058998003627	0	0	1
500	0	1	0.25274725274725274	0	0	0	1	0	0	0.015216388212891242	0	0	1
501	0	1	0.17582417582417584	0	0	0	1	0	0	0.016908073949327893	0	0	1
502	1	0	0.21978021978021978	0	0	0	1	0	0	0.0001512699256649826	0	1	0
503	1	0	0.3076923076923077	0	0	0	1	0	0	0.014891206669461745	0	1	0
504	1	0	0.3956043956043956	0	0	0	1	0	0	0.018713553707264782	0	0	1
505	1	0	0.16483516483516483	1	1	0	0	0	0	0.00016883675574220637	0	0	1
506	0	1	0.18681318681318682	0	1	0	0	1	0	0.0002125586439344078	1	0	0
507	1	0	0.3516483516483517	1	0	1	0	0	2	5.074862022309093e-06	0	0	1
508	0	1	0.02197802197802198	1	1	0	0	0	0	0.0005182214872781017	0	0	1
509	0	1	0.2967032967032967	0	0	0	1	0	0	0.0043965871943273975	0	0	1
510	0	1	0.27472527472527475	1	0	0	1	0	0	0.11027245763075773	0	0	1
511	0	1	0.3076923076923077	1	0	0	1	0	0	0.0001512699256649826	0	1	0
512	0	1	0.34065934065934067	0	0	0	1	0	0	0.00015712553569072386	0	0	1
513	0	1	0.38461538461538464	1	1	0	0	0	0	0.0513097828505578	0	0	1
514	1	0	0.5824175824175825	1	1	0	0	1	0	0.00011594107850967698	1	0	0
515	0	1	0.25274725274725274	0	0	0	1	0	0	0.014630827210317117	0	0	1
516	0	1	0.5054945054945055	0	1	0	0	0	0	0.06640417918791278	0	0	1
517	1	0	0.3626373626373626	1	0	1	0	0	0	2.0494635090094416e-05	0	0	1
518	0	1	0.37362637362637363	0	0	0	1	0	0	0.0004713766070721716	0	1	0
519	1	0	0.38461538461538464	1	0	1	0	1	0	5.074862022309093e-06	0	0	1
520	0	1	0.34065934065934067	0	0	0	1	0	0	0.015411575213749284	0	0	1
522	0	1	0.23076923076923078	0	0	0	1	0	0	0.015411575213749284	0	0	1
523	0	1	0.12087912087912088	0	0	0	1	0	0	0.0014102260811993538	1	0	0
524	1	0	0.4725274725274725	1	1	0	0	0	1	0.11316786160148593	1	0	0
525	0	1	0.5054945054945055	0	0	0	1	0	0	0.014110458666029576	1	0	0
527	1	0	0.5384615384615384	1	0	1	0	0	0	2.0494635090094416e-05	0	0	1
528	0	1	0.4725274725274725	0	1	0	0	0	0	0.4328841690069588	0	0	1
529	0	1	0.4175824175824176	0	0	0	1	0	0	0.0015468569817999832	0	0	1
530	0	1	0.24175824175824176	0	0	1	0	2	1	2.2446505098674835e-05	0	0	1
531	1	0	0.01098901098901099	1	0	1	0	1	1	5.074862022309093e-06	0	0	1
532	0	1	0.0989010989010989	0	0	0	1	0	0	0.014110458666029576	1	0	0
533	0	1	0.17582417582417584	0	0	0	1	1	1	0.014110458666029576	1	0	0
534	1	0	0.25274725274725274	1	0	0	1	0	2	0.04364049521284362	1	0	0
535	1	0	0.31868131868131866	0	0	0	1	0	0	0.016908073949327893	0	0	1
536	1	0	0.06593406593406594	1	0	1	0	0	2	0.0005123658772523604	0	0	1
537	0	1	0.4835164835164835	0	1	0	0	0	0	0.0005182214872781017	0	0	1
538	1	0	0.31868131868131866	1	1	0	0	0	0	0.020772776566317125	1	0	0
539	0	1	0.27472527472527475	0	0	0	1	0	0	2.8302115124416098e-05	0	0	1
540	1	0	0.23076923076923078	1	1	0	0	0	2	9.661756542473081e-05	1	0	0
541	1	0	0.38461538461538464	1	1	0	0	0	2	1.3858277060920986e-05	0	0	1
542	1	0	0.08791208791208792	0	0	0	1	4	2	0.006104473451835265	0	0	1
543	1	0	0.10989010989010989	0	0	0	1	4	2	0.006104473451835265	0	0	1
544	0	1	0.34065934065934067	1	0	1	0	1	0	5.074862022309093e-06	0	0	1
545	0	1	0.5384615384615384	0	1	0	0	1	0	0.020772776566317125	1	0	0
546	0	1	0.6923076923076923	0	1	0	0	0	0	5.074862022309093e-06	0	0	1
547	1	0	0.1978021978021978	1	0	1	0	1	0	5.074862022309093e-06	0	0	1
548	0	1	0.27472527472527475	1	0	1	0	0	0	0.02705779799394608	1	0	0
549	0	1	0.3516483516483517	0	0	0	1	1	1	0.004006213192611313	0	0	1
550	0	1	0.07692307692307693	1	0	1	0	1	1	0.0007173122281533045	0	0	1
551	0	1	0.17582417582417584	1	1	0	0	0	2	0.21642978772242535	1	0	0
552	0	1	0.2857142857142857	0	0	1	0	0	0	5.074862022309093e-06	0	0	1
553	0	1	0.25274725274725274	0	0	0	1	0	0	0.015281580671177828	0	1	0
554	0	1	0.23076923076923078	1	0	0	1	0	0	0.0014102260811993538	1	0	0
555	1	0	0.23076923076923078	1	0	0	1	0	0	0.001517578931671277	0	0	1
556	0	1	0.6703296703296703	0	1	0	0	0	0	0.0005182214872781017	0	0	1
557	1	0	0.5164835164835165	1	1	0	0	1	0	7.729405233978466e-05	1	0	0
558	0	1	0.4725274725274725	0	1	0	0	0	0	0.04440992237022602	1	0	0
559	1	0	0.4175824175824176	1	1	0	0	1	1	0.001554664461834305	0	0	1
560	1	0	0.38461538461538464	1	0	0	1	1	0	3.396253814929932e-05	0	0	1
561	0	1	0.4065934065934066	0	0	0	1	0	0	0.0001512699256649826	0	1	0
562	0	1	0.42857142857142855	0	0	0	1	0	0	0.015411575213749284	0	0	1
563	0	1	0.2967032967032967	0	0	1	0	0	0	2.6350245115835676e-05	0	0	1
564	0	1	0.2857142857142857	0	0	0	1	0	0	0.00015712553569072386	0	0	1
565	1	0	0.26373626373626374	0	0	0	1	0	0	0.00015712553569072386	0	0	1
566	0	1	0.25274725274725274	0	0	0	1	2	0	0.0004713766070721716	0	0	1
567	0	1	0.1978021978021978	0	0	0	1	0	0	0.015411575213749284	0	0	1
568	1	0	0.3076923076923077	0	0	0	1	0	4	0.0041135660430832366	0	0	1
569	0	1	0.31868131868131866	0	0	0	1	0	0	0.014110458666029576	1	0	0
570	0	1	0.34065934065934067	1	0	0	1	0	0	0.015330377421392339	0	0	1
571	0	1	0.6703296703296703	1	0	1	0	0	0	2.0494635090094416e-05	0	0	1
572	1	0	0.5714285714285714	1	1	0	0	2	0	0.10048070654571319	0	0	1
573	0	1	0.38461538461538464	1	1	0	0	0	0	0.051504969851415845	0	0	1
574	1	0	0.27472527472527475	1	0	0	1	0	0	0.0001512699256649826	0	1	0
575	0	1	0.16483516483516483	0	0	0	1	0	0	0.00015712553569072386	0	0	1
576	0	1	0.1978021978021978	0	0	0	1	0	0	2.8302115124416098e-05	0	0	1
577	1	0	0.3626373626373626	1	0	1	0	0	0	2.5374310111545467e-06	0	0	1
578	1	0	0.4175824175824176	1	1	0	0	1	0	0.00010910953347964551	0	0	1
579	1	0	0.38461538461538464	0	0	0	1	1	0	0.028220722145058295	1	0	0
580	0	1	0.34065934065934067	1	0	0	1	0	0	0.0015468569817999832	0	0	1
581	1	0	0.26373626373626374	1	0	1	0	1	1	5.855610025741262e-06	0	0	1
582	1	0	0.4175824175824176	1	1	0	0	1	1	0.21642978772242535	1	0	0
583	0	1	0.5824175824175825	0	0	1	0	0	0	5.074862022309093e-06	0	0	1
584	0	1	0.38461538461538464	0	1	0	0	0	0	0.007831878409428937	1	0	0
585	0	1	0.2857142857142857	0	0	0	1	0	0	0.017005667449756914	1	0	0
586	1	0	0.18681318681318682	1	1	0	0	0	2	0.001554664461834305	0	0	1
587	0	1	0.5054945054945055	0	0	1	0	0	0	2.927805012870631e-06	0	0	1
588	0	1	0.6483516483516484	1	1	0	0	1	1	0.0001545881046795693	1	0	0
589	0	1	0.23076923076923078	0	0	0	1	0	0	0.00015712553569072386	0	0	1
590	0	1	0.2967032967032967	0	0	0	1	0	0	0.00015712553569072386	0	0	1
591	0	1	0.37362637362637363	0	0	0	1	0	0	0.0013907073811135497	0	0	1
592	1	0	0.5604395604395604	1	1	0	0	1	0	0.1527664244005612	1	0	0
593	0	1	0.5054945054945055	0	0	0	1	0	0	0.00014151057562208048	0	0	1
594	1	0	0.45054945054945056	0	0	0	1	0	2	0.0001512699256649826	0	1	0
595	0	1	0.3956043956043956	0	0	1	0	1	0	5.074862022309093e-06	0	0	1
596	0	1	0.38461538461538464	0	0	0	1	1	1	0.0004713766070721716	0	0	1
597	1	0	0.45054945054945056	1	0	1	0	0	0	6.441171028315388e-06	0	0	1
598	0	1	0.5274725274725275	0	0	0	1	0	0	0.0	0	0	1
599	0	1	0.5274725274725275	0	0	0	1	0	0	0.0014102260811993538	1	0	0
600	0	1	0.5274725274725275	1	1	0	0	1	0	0.11111839809247648	1	0	0
601	1	0	0.25274725274725274	1	0	1	0	2	1	5.270049023167136e-06	0	0	1
602	0	1	0.32967032967032966	0	0	0	1	0	0	0.015411575213749284	0	0	1
603	0	1	0.3956043956043956	0	1	0	0	0	0	8.275928836380983e-05	0	0	1
604	0	1	0.4725274725274725	0	0	0	1	0	0	0.00015712553569072386	0	0	1
605	0	1	0.37362637362637363	1	1	0	0	0	0	0.0005182214872781017	1	0	0
606	0	1	0.38461538461538464	0	0	0	1	1	0	0.0003035157863342554	0	0	1
607	0	1	0.31868131868131866	0	0	0	1	0	0	0.015411575213749284	0	0	1
608	0	1	0.2857142857142857	1	1	0	0	0	0	5.9532035261702824e-05	0	0	1
609	1	0	0.23076923076923078	1	0	1	0	1	2	0.08115719346076702	1	0	0
610	1	0	0.42857142857142855	1	1	0	0	0	0	0.2995388511917728	0	0	1
611	1	0	0.4175824175824176	0	0	0	1	1	5	0.006104473451835265	0	0	1
612	0	1	0.4065934065934066	0	0	0	1	0	0	0.00013760683560491965	0	0	1
613	1	0	0.3956043956043956	1	0	0	1	1	0	3.025398513299652e-05	0	1	0
614	0	1	0.38461538461538464	0	0	0	1	0	0	0.0001512699256649826	0	1	0
615	0	1	0.37362637362637363	0	0	0	1	0	0	0.00015712553569072386	0	0	1
616	1	0	0.25274725274725274	1	0	1	0	1	2	1.2687155055772733e-05	0	0	1
617	0	1	0.3626373626373626	0	0	0	1	1	1	2.8106928123558055e-05	0	0	1
618	1	0	0.27472527472527475	0	0	0	1	1	0	3.142510713814477e-05	0	0	1
619	1	0	0.03296703296703297	1	0	1	0	2	1	7.61229303346364e-06	0	0	1
620	0	1	0.27472527472527475	0	0	1	0	0	0	2.0494635090094416e-05	0	0	1
621	0	1	0.2857142857142857	0	0	0	1	1	0	0.028212719478023115	1	0	0
622	0	1	0.45054945054945056	1	1	0	0	1	0	0.10257896680493714	0	0	1
623	0	1	0.2087912087912088	1	0	0	1	1	1	0.030725752114070408	1	0	0
624	0	1	0.21978021978021978	0	0	0	1	0	0	0.015330377421392339	0	0	1
625	0	1	0.21978021978021978	0	0	0	1	0	0	3.142510713814477e-05	0	0	1
626	0	1	0.6593406593406593	0	1	0	0	0	0	0.06308600017332605	0	0	1
627	0	1	0.6153846153846154	0	0	1	0	0	0	0.00024105594605968193	0	1	0
628	1	0	0.21978021978021978	1	1	0	0	0	0	0.152164467689915	0	0	1
629	0	1	0.27472527472527475	0	0	0	1	0	0	0.015411575213749284	0	0	1
630	0	1	0.5714285714285714	0	0	0	1	0	0	0.015094396337354966	0	1	0
631	0	1	0.8681318681318682	1	1	0	0	0	0	5.855610025741262e-06	0	0	1
632	0	1	0.5494505494505495	0	0	0	1	0	0	0.013768881414528002	0	0	1
633	0	1	0.34065934065934067	1	1	0	0	0	0	5.9532035261702824e-05	1	0	0
634	0	1	0.2087912087912088	0	1	0	0	0	0	0.0	0	0	1
635	1	0	0.08791208791208792	0	0	0	1	3	2	5.4457173239393734e-05	0	0	1
636	1	0	0.2967032967032967	1	0	1	0	0	0	2.5374310111545467e-06	0	0	1
637	0	1	0.34065934065934067	0	0	0	1	0	0	0.0015468569817999832	0	0	1
638	0	1	0.32967032967032966	0	0	1	0	1	1	0.0005123658772523604	0	0	1
639	1	0	0.43956043956043955	0	0	0	1	0	5	0.07746484096553544	0	0	1
640	0	1	0.31868131868131866	0	0	0	1	1	0	3.142510713814477e-05	0	0	1
641	0	1	0.2087912087912088	0	0	0	1	0	0	0.015330377421392339	0	0	1
642	1	0	0.25274725274725274	1	1	0	0	0	0	0.00013526459159462315	1	0	0
643	1	0	0.01098901098901099	0	0	0	1	3	2	5.4457173239393734e-05	0	0	1
644	0	1	0.4065934065934066	1	0	0	1	0	0	0.11027245763075773	0	0	1
645	1	0	0.8131868131868132	1	0	0	1	2	1	0.037589698186244316	1	0	0
646	0	1	0.5164835164835165	1	1	0	0	1	0	0.1497654242623688	1	0	0
647	0	1	0.1978021978021978	0	0	0	1	0	0	0.015411575213749284	0	0	1
648	0	1	0.6043956043956044	1	1	0	0	0	0	6.929138530460492e-05	1	0	0
649	0	1	0.42857142857142855	0	0	0	1	0	0	0.00014736618564782175	0	0	1
650	1	0	0.24175824175824176	1	0	0	1	0	0	0.00014736618564782175	0	0	1
651	0	1	0.2087912087912088	0	0	0	1	0	0	0.015411575213749284	0	0	1
652	1	0	0.18681318681318682	1	0	1	0	0	1	4.489301019734967e-06	0	0	1
653	0	1	0.21978021978021978	0	0	0	1	0	0	0.016460705343361262	0	0	1
654	1	0	0.2087912087912088	1	0	0	1	0	0	0.015281580671177828	0	1	0
655	1	0	0.18681318681318682	0	0	0	1	0	0	0.00013175122557917838	0	1	0
656	0	1	0.25274725274725274	0	0	1	0	2	0	0.00014346244563066092	0	0	1
657	0	1	0.2967032967032967	0	0	0	1	0	0	0.015411575213749284	0	0	1
658	1	0	0.34065934065934067	0	0	0	1	1	1	3.025398513299652e-05	0	1	0
659	0	1	0.24175824175824176	0	0	1	0	0	0	2.5374310111545467e-06	0	0	1
660	0	1	0.6263736263736264	0	1	0	0	0	2	0.022109807522194713	1	0	0
661	0	1	0.5384615384615384	1	1	0	0	2	0	0.002608674266467732	0	0	1
662	0	1	0.42857142857142855	0	0	0	1	0	0	0.0014102260811993538	1	0	0
663	0	1	0.5054945054945055	0	1	0	0	0	0	0.049943473844551514	0	0	1
664	0	1	0.38461538461538464	0	0	0	1	0	0	0.014630827210317117	0	0	1
665	0	1	0.2087912087912088	1	0	0	1	1	0	0.0015468569817999832	0	0	1
666	0	1	0.34065934065934067	0	0	1	0	2	0	0.00014346244563066092	0	0	1
668	0	1	0.4065934065934066	0	0	0	1	0	0	0.001517578931671277	0	0	1
669	0	1	0.46153846153846156	0	0	0	1	0	0	0.00015712553569072386	0	0	1
670	1	0	0.45054945054945056	1	1	0	0	1	0	1.0149724044618187e-05	0	0	1
671	1	0	0.42857142857142855	1	0	1	0	1	1	7.61229303346364e-06	0	0	1
672	0	1	0.32967032967032966	0	1	0	0	1	0	1.0149724044618187e-05	0	0	1
673	0	1	0.7582417582417582	0	0	1	0	0	0	2.0494635090094416e-05	0	0	1
674	0	1	0.32967032967032966	1	0	1	0	0	0	2.5374310111545467e-06	0	0	1
675	0	1	0.25274725274725274	0	0	1	0	0	0	0.0	0	0	1
676	0	1	0.18681318681318682	0	0	0	1	0	0	0.001517578931671277	0	0	1
678	1	0	0.18681318681318682	1	0	0	1	0	0	0.019209719063445926	0	0	1
680	0	1	0.38461538461538464	1	1	0	0	0	1	1.0	1	0	0
681	1	0	0.34065934065934067	0	0	0	1	0	0	0.015883342194823173	0	1	0
682	0	1	0.2857142857142857	1	1	0	0	0	0	0.1497654242623688	1	0	0
683	0	1	0.2087912087912088	0	0	0	1	0	0	0.001800600082915438	0	0	1
684	0	1	0.14285714285714285	0	0	0	1	5	2	9.154270340242173e-05	0	0	1
685	0	1	0.6483516483516484	0	0	1	0	1	1	7.61229303346364e-06	0	0	1
686	0	1	0.26373626373626374	0	0	1	0	1	2	0.08115719346076702	1	0	0
687	0	1	0.14285714285714285	0	0	0	1	4	1	0.07746484096553544	0	0	1
688	0	1	0.1978021978021978	0	0	0	1	0	0	0.019852079483269742	0	0	1
689	0	1	0.18681318681318682	0	0	0	1	0	0	0.015216388212891242	0	0	1
690	1	0	0.15384615384615385	1	1	0	0	0	1	0.41250332793836464	0	0	1
691	0	1	0.32967032967032966	1	1	0	0	1	0	1.1125659048908398e-05	0	0	1
692	1	0	0.03296703296703297	1	0	0	1	0	1	0.026187654344120927	1	0	0
693	0	1	0.14285714285714285	1	0	0	1	0	0	0.11027245763075773	0	0	1
694	0	1	0.26373626373626374	0	0	0	1	0	0	0.0014102260811993538	1	0	0
695	0	1	0.6483516483516484	0	1	0	0	0	0	0.0005182214872781017	0	0	1
696	0	1	0.5604395604395604	0	0	1	0	0	0	2.6350245115835676e-05	0	0	1
697	0	1	0.4725274725274725	0	0	0	1	0	0	0.00015712553569072386	0	0	1
698	1	0	0.4945054945054945	1	0	0	1	0	0	0.015094396337354966	0	1	0
699	0	1	0.5274725274725275	0	1	0	0	1	1	0.21642978772242535	1	0	0
700	0	1	0.45054945054945056	0	0	0	1	0	0	0.00014931805565640219	0	0	1
701	1	0	0.18681318681318682	1	1	0	0	1	0	0.04440992237022602	1	0	0
702	0	1	0.37362637362637363	1	1	0	0	0	0	0.0513097828505578	0	0	1
703	1	0	0.18681318681318682	0	0	0	1	0	1	0.028212719478023115	1	0	0
704	0	1	0.26373626373626374	0	0	0	1	0	0	0.015110792045427042	0	1	0
705	0	1	0.27472527472527475	0	0	0	1	1	0	0.015330377421392339	0	0	1
706	0	1	0.4175824175824176	0	0	1	0	0	0	5.074862022309093e-06	0	0	1
707	1	0	0.4835164835164835	1	0	1	0	0	0	2.6350245115835676e-05	0	0	1
708	0	1	0.45054945054945056	1	1	0	0	0	0	0.0513097828505578	0	0	1
709	1	0	0.23076923076923078	1	1	0	0	0	0	0.002958058998003627	0	0	1
710	0	1	0.24175824175824176	1	0	0	1	1	1	0.029757819776815377	1	0	0
711	1	0	0.25274725274725274	1	1	0	0	0	0	0.09662576327876686	1	0	0
712	0	1	0.38461538461538464	0	1	0	0	0	0	0.0005182214872781017	0	0	1
713	0	1	0.5164835164835165	1	1	0	0	1	0	1.0149724044618187e-05	0	0	1
714	0	1	0.3076923076923077	0	0	0	1	0	0	0.018510168852370702	0	0	1
715	0	1	0.5604395604395604	0	0	1	0	0	0	2.5374310111545467e-06	0	0	1
716	0	1	0.1978021978021978	0	0	0	1	0	0	0.00014931805565640219	0	0	1
717	1	0	0.4065934065934066	1	1	0	0	0	0	0.04440992237022602	1	0	0
718	1	0	0.2857142857142857	1	0	1	0	0	0	2.0494635090094416e-05	0	0	1
719	0	1	0.31868131868131866	0	0	0	1	0	0	3.025398513299652e-05	0	1	0
720	0	1	0.3516483516483517	0	0	0	1	0	0	0.001517578931671277	0	0	1
721	1	0	0.054945054945054944	1	0	1	0	0	1	6.441171028315388e-06	0	0	1
722	0	1	0.17582417582417584	0	0	0	1	1	0	0.013768881414528002	0	0	1
723	0	1	0.3626373626373626	0	0	1	0	0	0	2.5374310111545467e-06	0	0	1
724	0	1	0.5384615384615384	0	0	1	0	0	0	2.5374310111545467e-06	0	0	1
725	0	1	0.2857142857142857	1	1	0	0	1	0	0.00010364429745562033	0	0	1
726	0	1	0.2087912087912088	0	0	0	1	0	0	0.016908073949327893	0	0	1
727	1	0	0.31868131868131866	1	0	1	0	3	0	4.098927018018883e-06	0	0	1
728	1	0	0.2967032967032967	1	0	0	1	0	0	0.015102594191391004	0	1	0
729	0	1	0.26373626373626374	0	0	1	0	1	0	5.074862022309093e-06	0	0	1
730	1	0	0.26373626373626374	0	0	0	1	1	0	0.0015468569817999832	0	0	1
731	1	0	0.3076923076923077	1	1	0	0	0	0	0.41250332793836464	0	0	1
732	0	1	0.10989010989010989	0	0	0	1	0	0	0.03667075778620465	1	0	0
733	0	1	0.17582417582417584	0	0	1	0	0	0	0.0	0	0	1
734	0	1	0.24175824175824176	0	0	1	0	0	0	2.5374310111545467e-06	0	0	1
735	0	1	0.24175824175824176	0	0	1	0	0	0	2.5374310111545467e-06	0	0	1
737	1	0	0.5164835164835165	0	0	0	1	1	3	0.006709553154495195	0	0	1
738	0	1	0.37362637362637363	1	1	0	0	0	0	1.0	1	0	0
739	0	1	0.37362637362637363	0	0	0	1	0	0	0.015411575213749284	0	0	1
740	0	1	0.38461538461538464	0	0	0	1	0	0	0.015411575213749284	0	0	1
741	0	1	0.38461538461538464	1	1	0	0	0	0	5.855610025741262e-06	0	0	1
742	0	1	0.38461538461538464	0	1	0	0	1	0	0.0015390495017656616	0	0	1
743	1	0	0.21978021978021978	1	1	0	0	2	2	0.051212189350128785	1	0	0
744	0	1	0.25274725274725274	0	0	0	1	1	0	3.142510713814477e-05	0	0	1
745	0	1	0.32967032967032966	1	0	0	1	0	0	0.0015468569817999832	0	0	1
746	0	1	0.7582417582417582	0	1	0	0	1	1	1.3858277060920986e-05	0	0	1
747	0	1	0.16483516483516483	0	0	0	1	1	1	0.0003952536767375352	0	0	1
748	1	0	0.31868131868131866	1	0	1	0	0	0	2.5374310111545467e-06	0	0	1
749	0	1	0.1978021978021978	0	1	0	0	1	0	0.00010364429745562033	0	0	1
750	0	1	0.32967032967032966	0	0	0	1	0	0	0.0001512699256649826	0	1	0
751	1	0	0.03296703296703297	1	0	1	0	1	1	4.489301019734967e-06	0	0	1
752	0	1	0.054945054945054944	1	0	0	1	0	1	0.0024349578357040747	0	0	1
753	0	1	0.3516483516483517	0	0	0	1	0	0	1.8542765081513994e-05	0	0	1
754	0	1	0.24175824175824176	0	0	0	1	0	0	0.015411575213749284	0	0	1
755	1	0	0.5164835164835165	1	0	1	0	1	2	1.2687155055772733e-05	0	0	1
756	0	1	0.7252747252747253	1	0	1	0	1	1	2.8302115124416098e-05	0	0	1
757	0	1	0.2967032967032967	0	0	0	1	0	0	0.015216388212891242	0	0	1
758	0	1	0.18681318681318682	0	0	1	0	0	0	2.2446505098674835e-05	0	0	1
759	0	1	0.3626373626373626	0	0	0	1	0	0	0.00015712553569072386	0	0	1
760	1	0	0.3516483516483517	1	1	0	0	0	0	0.00016883675574220637	0	0	1
761	0	1	0.3956043956043956	0	0	0	1	0	0	2.8302115124416098e-05	0	0	1
762	0	1	0.43956043956043955	0	0	0	1	0	0	0.0013907073811135497	0	0	1
763	0	1	0.2087912087912088	1	0	0	1	0	0	0.014110458666029576	1	0	0
764	1	0	0.38461538461538464	1	1	0	0	1	2	2.3422440102965048e-05	0	0	1
765	0	1	0.16483516483516483	0	0	0	1	0	0	0.001517578931671277	0	0	1
766	1	0	0.5494505494505495	1	1	0	0	1	0	0.152164467689915	0	0	1
767	0	1	0.4835164835164835	0	1	0	0	0	0	7.729405233978466e-05	1	0	0
769	0	1	0.4065934065934066	0	0	0	1	1	0	0.0004713766070721716	0	1	0
770	0	1	0.34065934065934067	0	0	0	1	0	0	0.016322512946753766	0	0	1
771	0	1	0.25274725274725274	0	0	0	1	0	0	1.8542765081513994e-05	0	0	1
772	0	1	0.5164835164835165	0	0	0	1	0	0	0.015330377421392339	0	0	1
773	1	0	0.6153846153846154	0	0	1	0	0	0	2.0494635090094416e-05	0	0	1
774	0	1	0.6043956043956044	0	0	0	1	0	0	0.0014102260811993538	1	0	0
775	1	0	0.5824175824175825	1	0	1	0	1	3	4.489301019734967e-06	0	0	1
776	0	1	0.18681318681318682	0	0	0	1	0	0	0.0001512699256649826	0	0	1
777	0	1	0.12087912087912088	0	0	0	1	0	0	0.0001512699256649826	0	1	0
778	1	0	0.04395604395604396	1	0	0	1	0	0	0.0024349578357040747	0	0	1
779	0	1	0.25274725274725274	0	0	0	1	0	0	0.015102594191391004	0	1	0
780	1	0	0.46153846153846156	1	1	0	0	0	1	0.41250332793836464	0	0	1
781	1	0	0.13186813186813187	1	0	0	1	0	0	0.014110458666029576	1	0	0
782	1	0	0.17582417582417584	1	1	0	0	1	0	1.1125659048908398e-05	0	0	1
783	0	1	0.3076923076923077	0	1	0	0	0	0	5.855610025741262e-06	0	0	1
784	0	1	0.2857142857142857	0	0	0	1	1	2	0.00045771351701210864	0	0	1
785	0	1	0.26373626373626374	0	0	0	1	0	0	0.00013760683560491965	0	0	1
786	0	1	0.26373626373626374	0	0	0	1	0	0	0.00014151057562208048	0	0	1
787	1	0	0.18681318681318682	1	0	0	1	0	0	0.014630827210317117	0	0	1
788	0	1	0.07692307692307693	0	0	0	1	4	1	0.005684821399990475	0	1	0
789	0	1	0.0	1	0	0	1	1	2	0.004015972542654215	0	0	1
790	0	1	0.4945054945054945	0	1	0	0	0	0	0.0001545881046795693	1	0	0
791	0	1	0.32967032967032966	0	0	0	1	0	0	0.0001512699256649826	0	1	0
792	0	1	0.16483516483516483	0	0	1	0	0	0	5.074862022309093e-06	0	0	1
793	1	0	0.1978021978021978	0	0	0	1	8	2	0.0013575255909676824	0	0	1
794	0	1	0.23076923076923078	0	1	0	0	0	0	0.05991421140938288	1	0	0
795	0	1	0.26373626373626374	0	0	0	1	0	0	0.015411575213749284	0	0	1
796	0	1	0.4175824175824176	0	0	1	0	0	0	2.5374310111545467e-06	0	0	1
797	1	0	0.5274725274725275	1	1	0	0	0	0	0.050610427826483444	0	0	1
798	1	0	0.32967032967032966	1	0	0	1	0	0	0.016948672845506364	0	0	1
799	0	1	0.31868131868131866	0	0	0	1	0	0	0.014110458666029576	1	0	0
800	1	0	0.31868131868131866	0	0	0	1	1	1	0.0004713766070721716	0	0	1
801	0	1	0.3626373626373626	0	0	1	0	0	0	2.5374310111545467e-06	0	0	1
802	1	0	0.32967032967032966	1	0	1	0	1	1	0.0005123658772523604	0	0	1
803	0	1	0.10989010989010989	1	1	0	0	1	2	2.3422440102965048e-05	0	0	1
804	0	1	0.45054945054945056	1	0	0	1	0	1	0.016623491302076868	1	0	0
805	0	1	0.2857142857142857	1	0	0	1	0	0	0.0013614293309848434	0	0	1
806	0	1	0.32967032967032966	0	0	0	1	0	0	0.001517578931671277	0	0	1
807	0	1	0.4175824175824176	0	1	0	0	0	0	0.0	0	0	1
808	1	0	0.18681318681318682	0	0	0	1	0	0	0.001517578931671277	0	0	1
809	0	1	0.4175824175824176	0	0	1	0	0	0	2.5374310111545467e-06	0	0	1
810	1	0	0.3516483516483517	1	1	0	0	1	0	0.00010364429745562033	0	0	1
811	0	1	0.27472527472527475	0	0	0	1	0	0	0.015395374692678068	0	0	1
812	0	1	0.4175824175824176	0	0	0	1	0	0	0.0004713766070721716	0	0	1
813	0	1	0.37362637362637363	0	0	1	0	0	0	2.0494635090094416e-05	0	0	1
814	1	0	0.054945054945054944	0	0	0	1	4	2	0.006104473451835265	0	0	1
816	0	1	0.14285714285714285	0	1	0	0	0	0	0.0	0	0	1
817	1	0	0.24175824175824176	0	0	0	1	0	0	0.0015468569817999832	0	0	1
818	0	1	0.32967032967032966	0	0	1	0	1	1	0.0722273881715116	1	0	0
819	0	1	0.46153846153846156	0	0	0	1	0	0	0.00012589561555343713	0	0	1
820	0	1	0.0989010989010989	0	0	0	1	3	2	5.4457173239393734e-05	0	0	1
821	1	0	0.5604395604395604	1	1	0	0	1	1	0.00018249984580226932	0	0	1
822	0	1	0.2857142857142857	1	0	0	1	0	0	0.016908073949327893	0	0	1
823	0	1	0.4065934065934066	0	1	0	0	0	0	0.0	0	0	1
824	1	0	0.2857142857142857	1	0	0	1	0	1	0.0024349578357040747	0	0	1
825	0	1	0.01098901098901099	0	0	0	1	4	1	0.07746484096553544	0	0	1
826	0	1	0.01098901098901099	0	0	0	1	0	0	0.00013565496559633924	0	1	0
827	0	1	0.0	0	0	0	1	0	0	0.11027245763075773	0	0	1
828	0	1	0.0	1	0	1	0	0	2	0.0722273881715116	1	0	0
829	0	1	0.34065934065934067	1	0	0	1	0	0	0.0001512699256649826	0	1	0
830	1	0	0.6703296703296703	1	1	0	0	0	0	1.5614960068643363e-05	0	0	0
831	1	0	0.15384615384615385	1	0	0	1	1	0	0.028212719478023115	1	0	0
832	0	1	0.9010989010989011	1	0	1	0	1	1	0.00036597562660882884	0	0	1
833	0	1	0.5714285714285714	0	0	0	1	0	0	0.014110458666029576	1	0	0
834	0	1	0.24175824175824176	0	0	0	1	0	0	0.015330377421392339	0	0	1
835	0	1	0.18681318681318682	0	0	0	1	0	0	1.620052107121749e-05	0	0	1
836	1	0	0.4175824175824176	1	1	0	0	1	1	0.16231419173453318	1	0	0
837	0	1	0.21978021978021978	0	0	0	1	0	0	0.016908073949327893	0	0	1
838	0	1	0.27472527472527475	0	0	0	1	0	0	0.00015712553569072386	0	0	1
839	0	1	0.34065934065934067	1	0	0	1	0	0	0.11027245763075773	0	0	1
840	0	1	0.27472527472527475	1	1	0	0	0	0	5.797053925483849e-05	1	0	0
841	0	1	0.2087912087912088	0	0	0	1	0	0	0.0015468569817999832	0	0	1
842	0	1	0.16483516483516483	0	0	1	0	0	0	2.0494635090094416e-05	0	0	1
843	1	0	0.31868131868131866	1	1	0	0	0	0	6.0507970265993035e-06	1	0	0
845	0	1	0.17582417582417584	0	0	0	1	0	0	0.016908073949327893	0	0	1
846	0	1	0.45054945054945056	0	0	0	1	0	0	0.00014736618564782175	0	0	1
847	0	1	0.4065934065934066	0	0	0	1	8	2	0.0013575255909676824	0	0	1
848	0	1	0.37362637362637363	0	0	0	1	0	0	0.015411575213749284	1	0	0
849	0	1	0.2967032967032967	0	0	1	0	0	1	6.441171028315388e-06	0	0	1
850	1	0	0.16483516483516483	1	1	0	0	1	0	0.17391981561855152	1	0	0
851	0	1	0.03296703296703297	0	0	0	1	4	2	0.006104473451835265	0	0	1
852	0	1	0.8021978021978022	0	0	0	1	0	0	0.001517578931671277	0	0	1
853	1	0	0.08791208791208792	0	0	0	1	1	1	0.029757819776815377	1	0	0
854	1	0	0.16483516483516483	1	1	0	0	0	1	7.690367833806857e-05	0	0	1
855	1	0	0.4725274725274725	0	0	1	0	1	0	5.074862022309093e-06	0	0	1
856	1	0	0.18681318681318682	1	0	0	1	0	1	0.00018249984580226932	0	0	1
857	1	0	0.4835164835164835	1	1	0	0	1	1	0.32179836714362564	0	0	1
858	0	1	0.5494505494505495	1	1	0	0	0	0	0.0005182214872781017	0	0	1
859	1	0	0.25274725274725274	1	0	0	1	0	3	0.037589698186244316	1	0	0
860	0	1	0.34065934065934067	0	0	0	1	0	0	0.014110458666029576	1	0	0
861	0	1	0.43956043956043955	0	0	0	1	2	0	0.027537567642055148	0	0	1
862	0	1	0.21978021978021978	0	0	1	0	1	0	2.2446505098674835e-05	0	0	1
863	1	0	0.5164835164835165	1	1	0	0	0	0	0.050610427826483444	0	0	1
864	1	0	0.38461538461538464	0	0	0	1	8	2	0.0013575255909676824	0	0	1
865	0	1	0.25274725274725274	0	0	1	0	0	0	2.5374310111545467e-06	0	0	1
866	1	0	0.45054945054945056	1	0	1	0	0	0	2.5374310111545467e-06	0	0	1
867	1	0	0.2857142857142857	1	0	1	0	1	0	0.027049600139910042	1	0	0
868	0	1	0.32967032967032966	0	1	0	0	0	0	0.09856123757927521	0	0	1
869	0	1	0.18681318681318682	0	0	0	1	0	0	1.8542765081513994e-05	0	0	1
870	0	1	0.03296703296703297	1	0	0	1	1	1	0.021730754366528396	0	0	1
871	0	1	0.27472527472527475	0	0	0	1	0	0	0.015411575213749284	0	0	1
872	1	0	0.5054945054945055	1	1	0	0	1	1	0.10257896680493714	0	0	1
873	0	1	0.3516483516483517	0	1	0	0	0	0	9.759350042902102e-07	0	0	1
874	0	1	0.5054945054945055	0	0	0	1	0	0	1.7566830077223784e-06	0	0	1
875	1	0	0.2967032967032967	1	0	1	0	1	0	4.684488020593009e-06	1	0	0
876	1	0	0.15384615384615385	1	0	0	1	0	0	0.0014102260811993538	1	0	0
877	0	1	0.2087912087912088	0	0	0	1	0	0	0.019217721730481106	0	0	1
878	0	1	0.1978021978021978	0	0	0	1	0	0	0.015411575213749284	0	0	1
879	0	1	0.4065934065934066	0	0	0	1	0	0	0.015411575213749284	0	0	1
880	1	0	0.6043956043956044	1	1	0	0	0	1	0.16231419173453318	1	0	0
881	1	0	0.26373626373626374	1	0	1	0	0	1	5.074862022309093e-06	0	0	1
882	0	1	0.3516483516483517	0	0	0	1	0	0	0.015411575213749284	0	0	1
883	1	0	0.23076923076923078	0	0	0	1	0	0	0.02052723131923771	0	0	1
884	0	1	0.2967032967032967	0	0	1	0	0	0	2.0494635090094416e-05	0	0	1
885	0	1	0.26373626373626374	0	0	0	1	0	0	0.00013760683560491965	0	0	1
886	1	0	0.4175824175824176	0	0	0	1	0	5	0.005684821399990475	0	1	0
887	0	1	0.2857142857142857	0	0	1	0	0	0	2.5374310111545467e-06	0	0	1
888	1	0	0.1978021978021978	1	1	0	0	0	0	5.855610025741262e-06	0	0	1
889	1	0	0.23076923076923078	0	0	0	1	1	2	0.00045771351701210864	0	0	1
890	0	1	0.27472527472527475	1	1	0	0	0	0	5.855610025741262e-06	1	0	0
891	0	1	0.34065934065934067	0	0	0	1	0	0	0.0001512699256649826	0	1	0
1000	0	1	0.4065934065934066	1	1	0	0	1	0	1.7566830077223785e-05	0	0	1
